{
  "Tool": {
    "n_terms": 271,
    "n_docs_with_data": 5449,
    "top_idf": [
      [
        "sqlrat",
        8.594548985569908
      ],
      [
        "textmate",
        8.594548985569908
      ],
      [
        "quietexit",
        8.306866913118126
      ],
      [
        "raindrop",
        8.306866913118126
      ],
      [
        "hermeticwiper",
        8.083723361803916
      ],
      [
        "lojax",
        8.083723361803916
      ],
      [
        "prestige",
        8.083723361803916
      ],
      [
        "azorult",
        7.901401805009962
      ],
      [
        "cyclops_blink",
        7.901401805009962
      ],
      [
        "empyre",
        7.901401805009962
      ],
      [
        "felixroot",
        7.901401805009962
      ],
      [
        "formbook",
        7.901401805009962
      ],
      [
        "halfbaked",
        7.901401805009962
      ],
      [
        "mcrat",
        7.901401805009962
      ],
      [
        "poshc2",
        7.901401805009962
      ],
      [
        "sidetwist",
        7.901401805009962
      ],
      [
        "smoke_loader",
        7.901401805009962
      ],
      [
        "tvt",
        7.901401805009962
      ],
      [
        "virtualpie",
        7.901401805009962
      ],
      [
        "vpnfilter",
        7.901401805009962
      ]
    ],
    "top_freq": [
      [
        "mimikatz",
        2.370650840240623
      ],
      [
        "psexec",
        2.4326386761481644
      ],
      [
        "cobalt_strike",
        2.7186823632129715
      ],
      [
        "ipconfig",
        2.76266650828639
      ],
      [
        "netstat",
        2.8622870395918376
      ],
      [
        "cmd.exe",
        2.9467491456646426
      ],
      [
        "ftp",
        3.0060526663715024
      ],
      [
        "empire",
        3.0148191595836846
      ],
      [
        "bazaloader",
        3.0223949533921424
      ],
      [
        "bloodhound",
        3.0223949533921424
      ]
    ]
  },
  "Way": {
    "n_terms": 57,
    "n_docs_with_data": 5448,
    "top_idf": [
      [
        "proxy",
        8.306866913118126
      ],
      [
        "command-line",
        7.901401805009962
      ],
      [
        "password_spraying",
        7.901401805009962
      ],
      [
        "powershell",
        7.613719732558181
      ],
      [
        "reverse_shell",
        7.295266001439646
      ],
      [
        "password_guessing",
        7.208254624450016
      ],
      [
        "password_spray",
        7.208254624450016
      ],
      [
        "timestomp",
        7.054103944622758
      ],
      [
        "c2",
        6.9205725519982355
      ],
      [
        "brute_force",
        6.859947930181801
      ],
      [
        "sql_injection",
        6.802789516341852
      ],
      [
        "dynamic_data_exchange",
        6.515107443890071
      ],
      [
        "dns_tunneling",
        6.474285449369816
      ],
      [
        "hooking",
        6.109642335781907
      ],
      [
        "c&c",
        6.082243361593792
      ],
      [
        "network_scanning",
        6.0555751145116306
      ],
      [
        "domain_fronting",
        5.741917555656589
      ],
      [
        "command_and_control",
        5.6678095835028675
      ],
      [
        "rootkit",
        5.566026889192925
      ],
      [
        "exfiltration_over_alternative_protocol",
        5.550026547846484
      ]
    ],
    "top_freq": [
      [
        "spear_phishing",
        2.459705855616578
      ],
      [
        "watering_hole",
        2.890766510913706
      ],
      [
        "uac_bypass",
        2.8974554990645025
      ],
      [
        "spear-phishing",
        3.02620448180881
      ],
      [
        "social_engineering",
        3.2426908520938404
      ],
      [
        "spearphishing",
        3.568477883343812
      ],
      [
        "decoy",
        3.8525196168646185
      ],
      [
        "scripting",
        3.8850187842575727
      ],
      [
        "keylogging",
        3.921720151108001
      ],
      [
        "remote_desktop",
        3.950158086428534
      ]
    ]
  },
  "Exp": {
    "n_terms": 121,
    "n_docs_with_data": 2377,
    "top_idf": [
      [
        "CVE-2014-0515",
        8.083723361803916
      ],
      [
        "CVE-2015-1701",
        8.083723361803916
      ],
      [
        "CVE-2015-3043",
        8.083723361803916
      ],
      [
        "adobe_flash_exploit",
        8.083723361803916
      ],
      [
        "flash_exploit",
        8.083723361803916
      ],
      [
        "flash_exploit_3",
        8.083723361803916
      ],
      [
        "in-the-wild_exploit",
        8.083723361803916
      ],
      [
        "remote_exploit",
        8.083723361803916
      ],
      [
        "CVE-2021-4034",
        7.901401805009962
      ],
      [
        "earlybloom",
        7.901401805009962
      ],
      [
        "flash_vulnerabilities",
        7.901401805009962
      ],
      [
        "CVE-2022-30190",
        7.747251125182704
      ],
      [
        "vpn_vulnerabilities",
        7.747251125182704
      ],
      [
        "zerologon_vulnerability",
        7.747251125182704
      ],
      [
        "CVE-2022-38028",
        7.613719732558181
      ],
      [
        "base64",
        7.613719732558181
      ],
      [
        "office_exploit",
        7.613719732558181
      ],
      [
        "greenflash_sundown_exploit",
        7.495936696901797
      ],
      [
        "log4j",
        7.495936696901797
      ],
      [
        "log4j_vulnerability",
        7.495936696901797
      ]
    ],
    "top_freq": [
      [
        "zero-day",
        3.2846324831785187
      ],
      [
        "CVE-2010-0232",
        3.921720151108001
      ],
      [
        "CVE-2013-0640",
        3.921720151108001
      ],
      [
        "CVE-2013-0641",
        3.921720151108001
      ],
      [
        "cve-2010-",
        3.921720151108001
      ],
      [
        "miniduke_exploits",
        3.921720151108001
      ],
      [
        "onionduke",
        3.921720151108001
      ],
      [
        "proof-of-",
        3.921720151108001
      ],
      [
        "carbanak",
        3.9598199973402712
      ],
      [
        "cfb8216be1a50aa3d425072942ff70f92102d4f4b155ab2cf1e7059244b99d31",
        4.144085189342797
      ]
    ]
  },
  "Purp": {
    "n_terms": 394,
    "n_docs_with_data": 5627,
    "top_idf": [
      [
        "collecting_and_exfiltrating_sensitive_financial_data",
        8.594548985569908
      ],
      [
        "gain_more_trust",
        8.594548985569908
      ],
      [
        "gain_the_victim's",
        8.594548985569908
      ],
      [
        "infect_the_system",
        8.594548985569908
      ],
      [
        "investment_abuse",
        8.594548985569908
      ],
      [
        "pursuing_securities_fraud",
        8.594548985569908
      ],
      [
        "recruit",
        8.594548985569908
      ],
      [
        "share_their",
        8.594548985569908
      ],
      [
        "incoming_connections—and",
        8.306866913118126
      ],
      [
        "obfuscate",
        8.306866913118126
      ],
      [
        "aes-encrypt",
        8.083723361803916
      ],
      [
        "corrupt",
        8.083723361803916
      ],
      [
        "gain_remote",
        8.083723361803916
      ],
      [
        "highly_privileged_credentials",
        8.083723361803916
      ],
      [
        "prestige",
        8.083723361803916
      ],
      [
        "abuse_credentials",
        7.901401805009962
      ],
      [
        "acquire_information",
        7.901401805009962
      ],
      [
        "administrator",
        7.901401805009962
      ],
      [
        "administrator_credentials",
        7.901401805009962
      ],
      [
        "collects_intelligence",
        7.901401805009962
      ]
    ],