{
  "avg": {
    "micro_f1": 0.8002023830285167,
    "macro_f1": 0.8182350202671687,
    "top3_acc": 0.9010223226089549,
    "top5_acc": 0.9328972979967034
  },
  "std": {
    "micro_f1": 0.017683709096552886,
    "macro_f1": 0.008582305760701603,
    "top3_acc": 0.003624112991652361,
    "top5_acc": 0.004073207245580947
  }
}