{
  "avg": {
    "micro_f1": 0.8002026643113915,
    "macro_f1": 0.8176596527531419,
    "top3_acc": 0.9010224632503924,
    "top5_acc": 0.9330652238730404
  },
  "std": {
    "micro_f1": 0.016965236857711334,
    "macro_f1": 0.0077712135334274506,
    "top3_acc": 0.0032084648479545606,
    "top5_acc": 0.004898945993170238
  }
}