{
  "avg": {
    "micro_f1": 0.7228685790151725,
    "macro_f1": 0.7184651368148929,
    "top3_acc": 0.8693183672091676,
    "top5_acc": 0.9147815557193247
  },
  "std": {
    "micro_f1": 0.02086638844838098,
    "macro_f1": 0.012770469460720591,
    "top3_acc": 0.003980448478550153,
    "top5_acc": 0.008671324324699423
  },
  "per_class": {
    "APT-C-23": {
      "f1": 0.7720090293453724,
      "precision": 0.8814432989690721,
      "recall": 0.6867469879518072
    },
    "APT-C-36": {
      "f1": 0.944206008583691,
      "precision": 0.9565217391304348,
      "recall": 0.9322033898305084
    },
    "APT28": {
      "f1": 0.6537530266343826,
      "precision": 0.7848837209302325,
      "recall": 0.5601659751037344
    },
    "APT29": {
      "f1": 0.8444778362133734,
      "precision": 0.9079159935379645,
      "recall": 0.7893258426966292
    },
    "APT32": {
      "f1": 0.6756756756756757,
      "precision": 0.7608695652173914,
      "recall": 0.6076388888888888
    },
    "FIN7": {
      "f1": 0.8456189151599444,
      "precision": 0.8467966573816156,
      "recall": 0.8444444444444444
    },
    "Gamaredon_Group": {
      "f1": 0.797716150081566,
      "precision": 0.9721669980119284,
      "recall": 0.6763485477178424
    },
    "Kimsuky": {
      "f1": 0.8398791540785498,
      "precision": 0.9144736842105263,
      "recall": 0.776536312849162
    },
    "Lazarus_Group": {
      "f1": 0.6666666666666666,
      "precision": 0.6987012987012987,
      "recall": 0.6374407582938388
    },
    "Magic_Hound": {
      "f1": 0.8735505245720596,
      "precision": 0.8740331491712707,
      "recall": 0.8730684326710817
    },
    "MuddyWater": {
      "f1": 0.7368421052631579,
      "precision": 0.7777777777777778,
      "recall": 0.7
    },
    "OilRig": {
      "f1": 0.2469597754911132,
      "precision": 0.15,
      "recall": 0.6984126984126984
    },
    "Sandworm_Team": {
      "f1": 0.5875190258751902,
      "precision": 0.6069182389937107,
      "recall": 0.5693215339233039
    },
    "Turla": {
      "f1": 0.4908616187989556,
      "precision": 0.48205128205128206,
      "recall": 0.5
    },
    "Wizard_Spider": {
      "f1": 0.7569721115537849,
      "precision": 0.8039492242595204,
      "recall": 0.7151819322459222
    }
  }
}