{
  "stratified_kfold": {
    "micro_f1": 0.6374769334004362,
    "macro_f1": 0.618383043048814,
    "top3_acc": 0.8257003858413018,
    "per_class_f1": {
      "APT-C-23": 0.6515,
      "APT-C-36": 0.9362,
      "APT28": 0.5011,
      "APT29": 0.7308,
      "APT32": 0.6186,
      "FIN7": 0.7716,
      "Gamaredon_Group": 0.7621,
      "Kimsuky": 0.5593,
      "Lazarus_Group": 0.5273,
      "Magic_Hound": 0.798,
      "MuddyWater": 0.538,
      "OilRig": 0.1936,
      "Sandworm_Team": 0.4939,
      "Turla": 0.4691,
      "Wizard_Spider": 0.7247
    }
  },
  "group_kfold": {
    "micro_f1": 0.1396542871812425,
    "macro_f1": 0.1231551596536549,
    "top3_acc": 0.25894232414855384,
    "per_class_f1": {
      "APT-C-23": 0.0574,
      "APT-C-36": 0.0,
      "APT28": 0.0816,
      "APT29": 0.0646,
      "APT32": 0.1406,
      "FIN7": 0.2474,
      "Gamaredon_Group": 0.3083,
      "Kimsuky": 0.0603,
      "Lazarus_Group": 0.27,
      "Magic_Hound": 0.1186,
      "MuddyWater": 0.1146,
      "OilRig": 0.054,
      "Sandworm_Team": 0.1134,
      "Turla": 0.2166,
      "Wizard_Spider": 0.0
    }
  },
  "delta_micro_f1_all": -0.4978226462191937,
  "fair_subset": {
    "stratified_kfold": {
      "micro_f1": 0.6364394413174901,
      "macro_f1": 0.5956641104335392,
      "top3_acc": 0.8207212841359183,
      "per_class_f1": {
        "APT28": 0.4988,
        "APT29": 0.727,
        "APT32": 0.649,
        "FIN7": 0.7737,
        "Gamaredon_Group": 0.7662,
        "Kimsuky": 0.5988,
        "Lazarus_Group": 0.5318,
        "Magic_Hound": 0.8214,
        "MuddyWater": 0.5233,
        "OilRig": 0.2612,
        "Sandworm_Team": 0.5092,
        "Turla": 0.4874
      }
    },
    "group_kfold": {
      "micro_f1": 0.17448405253283303,
      "macro_f1": 0.15889924422876467,
      "top3_acc": 0.3412549510110486,
      "per_class_f1": {
        "APT28": 0.0917,
        "APT29": 0.114,
        "APT32": 0.1349,
        "FIN7": 0.2016,
        "Gamaredon_Group": 0.295,
        "Kimsuky": 0.0481,
        "Lazarus_Group": 0.2605,
        "Magic_Hound": 0.2187,
        "MuddyWater": 0.1185,
        "OilRig": 0.0927,
        "Sandworm_Team": 0.1286,
        "Turla": 0.2025
      }
    },
    "delta_micro_f1": -0.46195538878465703,
    "fair_orgs": [
      "APT28",
      "APT29",
      "APT32",
      "FIN7",
      "Gamaredon_Group",
      "Kimsuky",
      "Lazarus_Group",
      "Magic_Hound",
      "MuddyWater",
      "OilRig",
      "Sandworm_Team",
      "Turla"
    ]
  },
  "n_samples": 5961,
  "n_features": 88,
  "n_groups": 127
}