{
  "A_standard": {
    "avg": {
      "micro_f1": 0.7656452347868157,
      "macro_f1": 0.7727839420233099,
      "top3_acc": 0.8869320195547854,
      "top5_acc": 0.9256839393104069
    },
    "std": {
      "micro_f1": 0.019330169668672084,
      "macro_f1": 0.012238560835246978,
      "top3_acc": 0.0027133852697185665,
      "top5_acc": 0.004932408193064717
    },
    "desc": "Standard CV (exclude_org)"
  },
  "B_remove_test": {
    "avg": {
      "micro_f1": 0.5227320161793909,
      "macro_f1": 0.47295236867742874,
      "top3_acc": 0.7567530392614638,
      "top5_acc": 0.845664165124299
    },
    "std": {
      "micro_f1": 0.022427517451817897,
      "macro_f1": 0.013886945132933277,
      "top3_acc": 0.009631748496167842,
      "top5_acc": 0.008085401752816681
    },
    "desc": "Remove test IoCs"
  },
  "C_remove_test+L1": {
    "avg": {
      "micro_f1": 0.5557807850042474,
      "macro_f1": 0.5103023749676096,
      "top3_acc": 0.7867832209139444,
      "top5_acc": 0.8723380795130431
    },
    "std": {
      "micro_f1": 0.024119748173029018,
      "macro_f1": 0.013176109503931948,
      "top3_acc": 0.009702027279220555,
      "top5_acc": 0.00614698080741627
    },
    "desc": "Remove test + exclusive L1"
  },
  "D_kg75": {
    "avg": {
      "micro_f1": 0.5244094466040718,
      "macro_f1": 0.4746645503695747,
      "top3_acc": 0.7580950398577835,
      "top5_acc": 0.8458319503591982
    },
    "std": {
      "micro_f1": 0.02277316342954408,
      "macro_f1": 0.013916291246815912,
      "top3_acc": 0.009583522529500335,
      "top5_acc": 0.008021928307223883
    },
    "desc": "Remove test + 25% train overlap"
  },
  "E_kg50": {
    "avg": {
      "micro_f1": 0.5267580179683501,
      "macro_f1": 0.47712959777070163,
      "top3_acc": 0.7585985362039189,
      "top5_acc": 0.8463353060638962
    },
    "std": {
      "micro_f1": 0.02236470910760624,
      "macro_f1": 0.013220266051039778,
      "top3_acc": 0.009763948485687263,
      "top5_acc": 0.008037791549146604
    },
    "desc": "Remove test + 50% train overlap"
  }
}