{
  "Exp1_L1_only": {
    "XGBoost": {
      "micro_f1": 0.6376477438300602,
      "micro_f1_std": 0.026864956122162584,
      "macro_f1": 0.6211091095831653,
      "macro_f1_std": 0.018048841475437633,
      "top3_acc": 0.8265398830988373,
      "top3_acc_std": 0.006988583836169592,
      "top5_acc": 0.8907919238060948,
      "top5_acc_std": 0.008844549456017004,
      "per_class_f1": {
        "APT-C-23": 0.6502,
        "APT-C-36": 0.9316,
        "APT28": 0.4966,
        "APT29": 0.729,
        "APT32": 0.6198,
        "FIN7": 0.7744,
        "Gamaredon_Group": 0.7621,
        "Kimsuky": 0.5586,
        "Lazarus_Group": 0.5297,
        "Magic_Hound": 0.7987,
        "MuddyWater": 0.5391,
        "OilRig": 0.1953,
        "Sandworm_Team": 0.4954,
        "Turla": 0.4691,
        "Wizard_Spider": 0.7251
      }
    },
    "RandomForest": {
      "micro_f1": 0.6339560467379626,
      "micro_f1_std": 0.02121762088220522,
      "macro_f1": 0.6127863209260382,
      "macro_f1_std": 0.012596528949290848,
      "top3_acc": 0.8275472977154206,
      "top3_acc_std": 0.005320131895932132,
      "top5_acc": 0.8899529976315982,
      "top5_acc_std": 0.008571696397292803,
      "per_class_f1": {
        "APT-C-23": 0.6549,
        "APT-C-36": 0.9351,
        "APT28": 0.4918,
        "APT29": 0.7144,
        "APT32": 0.615,
        "FIN7": 0.7537,
        "Gamaredon_Group": 0.7551,
        "Kimsuky": 0.5657,
        "Lazarus_Group": 0.5205,
        "Magic_Hound": 0.7824,
        "MuddyWater": 0.5625,
        "OilRig": 0.1829,
        "Sandworm_Team": 0.4653,
        "Turla": 0.4516,
        "Wizard_Spider": 0.7114
      }
    },
    "MLP": {
      "micro_f1": 0.5901697260867363,
      "micro_f1_std": 0.008648348182099015,
      "macro_f1": 0.5336006648076521,
      "macro_f1_std": 0.009501464190686992,
      "top3_acc": 0.7809103157681554,
      "top3_acc_std": 0.008841208520537784,
      "top5_acc": 0.8617697193359474,
      "top5_acc_std": 0.010202617157535569,
      "per_class_f1": {
        "APT-C-23": 0.5538,
        "APT-C-36": 0.8276,
        "APT28": 0.399,
        "APT29": 0.6667,
        "APT32": 0.4717,
        "FIN7": 0.6494,
        "Gamaredon_Group": 0.6224,
        "Kimsuky": 0.4197,
        "Lazarus_Group": 0.4331,
        "Magic_Hound": 0.7142,
        "MuddyWater": 0.3916,
        "OilRig": 0.3333,
        "Sandworm_Team": 0.4112,
        "Turla": 0.4637,
        "Wizard_Spider": 0.6475
      }
    }
  },
  "Exp2_L1_L3": {
    "XGBoost": {
      "micro_f1": 0.7185047564934152,
      "micro_f1_std": 0.017647075832033277,
      "macro_f1": 0.7177044027778586,
      "macro_f1_std": 0.00925118590759166,
      "top3_acc": 0.8676388271629246,
      "top3_acc_std": 0.003054680802509613,
      "top5_acc": 0.9120951636222484,
      "top5_acc_std": 0.00531836267285864,
      "per_class_f1": {
        "APT-C-23": 0.8017,
        "APT-C-36": 0.9528,
        "APT28": 0.7182,
        "APT29": 0.7722,
        "APT32": 0.7284,
        "FIN7": 0.8491,
        "Gamaredon_Group": 0.7934,
        "Kimsuky": 0.6429,
        "Lazarus_Group": 0.6902,
        "Magic_Hound": 0.8672,
        "MuddyWater": 0.7443,
        "OilRig": 0.2488,
        "Sandworm_Team": 0.6197,
        "Turla": 0.5297,
        "Wizard_Spider": 0.7553
      }
    },
    "RandomForest": {
      "micro_f1": 0.7025689564967905,
      "micro_f1_std": 0.020060958684942527,
      "macro_f1": 0.7021796179704948,
      "macro_f1_std": 0.013958658725706435,
      "top3_acc": 0.8602579645246038,
      "top3_acc_std": 0.004039583367549726,
      "top5_acc": 0.9080695837576016,
      "top5_acc_std": 0.004985270165793108,
      "per_class_f1": {
        "APT-C-23": 0.7872,
        "APT-C-36": 0.9569,
        "APT28": 0.7264,
        "APT29": 0.7466,
        "APT32": 0.7054,
        "FIN7": 0.8428,
        "Gamaredon_Group": 0.781,
        "Kimsuky": 0.6271,
        "Lazarus_Group": 0.6755,
        "Magic_Hound": 0.8252,
        "MuddyWater": 0.7783,
        "OilRig": 0.2269,
        "Sandworm_Team": 0.5861,
        "Turla": 0.4892,
        "Wizard_Spider": 0.7359
      }
    },
    "MLP": {
      "micro_f1": 0.6799193561997559,
      "micro_f1_std": 0.008251083773795215,
      "macro_f1": 0.6523289558460817,
      "macro_f1_std": 0.011039314789212183,
      "top3_acc": 0.8376117396220684,
      "top3_acc_std": 0.01209777803899678,
      "top5_acc": 0.8980033135122667,
      "top5_acc_std": 0.009738242980042555,
      "per_class_f1": {
        "APT-C-23": 0.7364,
        "APT-C-36": 0.8729,
        "APT28": 0.6077,
        "APT29": 0.7072,
        "APT32": 0.6299,
        "FIN7": 0.7633,
        "Gamaredon_Group": 0.6876,
        "Kimsuky": 0.5098,
        "Lazarus_Group": 0.6277,
        "Magic_Hound": 0.8029,
        "MuddyWater": 0.6831,
        "OilRig": 0.4868,
        "Sandworm_Team": 0.5126,
        "Turla": 0.483,
        "Wizard_Spider": 0.6582
      }
    }
  }
}