{
  "Exp1_L1": {
    "XGBoost": {
      "micro_f1": 0.6376477438300602,
      "micro_f1_std": 0.026864956122162584,
      "macro_f1": 0.6211091095831653,
      "macro_f1_std": 0.018048841475437633,
      "top3_acc": 0.8265398830988373,
      "top3_acc_std": 0.006988583836169592,
      "top5_acc": 0.8907919238060948,
      "top5_acc_std": 0.008844549456017004,
      "per_class_f1": {
        "APT-C-23": 0.6502,
        "APT-C-36": 0.9316,
        "APT28": 0.4966,
        "APT29": 0.729,
        "APT32": 0.6198,
        "FIN7": 0.7744,
        "Gamaredon_Group": 0.7621,
        "Kimsuky": 0.5586,
        "Lazarus_Group": 0.5297,
        "Magic_Hound": 0.7987,
        "MuddyWater": 0.5391,
        "OilRig": 0.1953,
        "Sandworm_Team": 0.4954,
        "Turla": 0.4691,
        "Wizard_Spider": 0.7251
      }
    },
    "RandomForest": {
      "micro_f1": 0.6339560467379626,
      "micro_f1_std": 0.02121762088220522,
      "macro_f1": 0.6127863209260382,
      "macro_f1_std": 0.012596528949290848,
      "top3_acc": 0.8275472977154206,
      "top3_acc_std": 0.005320131895932132,
      "top5_acc": 0.8899529976315982,
      "top5_acc_std": 0.008571696397292803,
      "per_class_f1": {
        "APT-C-23": 0.6549,
        "APT-C-36": 0.9351,
        "APT28": 0.4918,
        "APT29": 0.7144,
        "APT32": 0.615,
        "FIN7": 0.7537,
        "Gamaredon_Group": 0.7551,
        "Kimsuky": 0.5657,
        "Lazarus_Group": 0.5205,
        "Magic_Hound": 0.7824,
        "MuddyWater": 0.5625,
        "OilRig": 0.1829,
        "Sandworm_Team": 0.4653,
        "Turla": 0.4516,
        "Wizard_Spider": 0.7114
      }
    },
    "MLP": {
      "micro_f1": 0.5901697260867363,
      "micro_f1_std": 0.008648348182099015,
      "macro_f1": 0.5336006648076521,
      "macro_f1_std": 0.009501464190686992,
      "top3_acc": 0.7809103157681554,
      "top3_acc_std": 0.008841208520537784,
      "top5_acc": 0.8617697193359474,
      "top5_acc_std": 0.010202617157535569,
      "per_class_f1": {
        "APT-C-23": 0.5538,
        "APT-C-36": 0.8276,
        "APT28": 0.399,
        "APT29": 0.6667,
        "APT32": 0.4717,
        "FIN7": 0.6494,
        "Gamaredon_Group": 0.6224,
        "Kimsuky": 0.4197,
        "Lazarus_Group": 0.4331,
        "Magic_Hound": 0.7142,
        "MuddyWater": 0.3916,
        "OilRig": 0.3333,
        "Sandworm_Team": 0.4112,
        "Turla": 0.4637,
        "Wizard_Spider": 0.6475
      }
    }
  },
  "Exp2_L1_L2": {
    "XGBoost": {
      "micro_f1": 0.6955245081768932,
      "micro_f1_std": 0.0244331526489816,
      "macro_f1": 0.6839478367928005,
      "macro_f1_std": 0.016880743115433732,
      "top3_acc": 0.8579107995747004,
      "top3_acc_std": 0.0053185862436902626,
      "top5_acc": 0.9120960074708732,
      "top5_acc_std": 0.0075395884947685714,
      "per_class_f1": {
        "APT-C-23": 0.7505,
        "APT-C-36": 0.9524,
        "APT28": 0.5784,
        "APT29": 0.8393,
        "APT32": 0.6445,
        "FIN7": 0.8204,
        "Gamaredon_Group": 0.7768,
        "Kimsuky": 0.7572,
        "Lazarus_Group": 0.6084,
        "Magic_Hound": 0.8651,
        "MuddyWater": 0.6037,
        "OilRig": 0.2023,
        "Sandworm_Team": 0.5581,
        "Turla": 0.5161,
        "Wizard_Spider": 0.742
      }
    },
    "RandomForest": {
      "micro_f1": 0.6807609545615645,
      "micro_f1_std": 0.018849835611011757,
      "macro_f1": 0.6641795688114996,
      "macro_f1_std": 0.011948313913871992,
      "top3_acc": 0.8575753697463391,
      "top3_acc_std": 0.0055187171650966736,
      "top5_acc": 0.9094121469196713,
      "top5_acc_std": 0.009816926797842246,
      "per_class_f1": {
        "APT-C-23": 0.7449,
        "APT-C-36": 0.931,
        "APT28": 0.5251,
        "APT29": 0.8247,
        "APT32": 0.6067,
        "FIN7": 0.7875,
        "Gamaredon_Group": 0.7566,
        "Kimsuky": 0.7597,
        "Lazarus_Group": 0.5946,
        "Magic_Hound": 0.8306,
        "MuddyWater": 0.6108,
        "OilRig": 0.1875,
        "Sandworm_Team": 0.5517,
        "Turla": 0.4865,
        "Wizard_Spider": 0.7256
      }
    },
    "MLP": {
      "micro_f1": 0.6443554965486591,
      "micro_f1_std": 0.005827160811251927,
      "macro_f1": 0.5879614056232251,
      "macro_f1_std": 0.006794404153750129,
      "top3_acc": 0.825700535000028,
      "top3_acc_std": 0.002068734799069331,
      "top5_acc": 0.8922994593743144,
      "top5_acc_std": 0.005664103396263871,
      "per_class_f1": {
        "APT-C-23": 0.6514,
        "APT-C-36": 0.8393,
        "APT28": 0.4019,
        "APT29": 0.7824,
        "APT32": 0.4897,
        "FIN7": 0.6739,
        "Gamaredon_Group": 0.7134,
        "Kimsuky": 0.6101,
        "Lazarus_Group": 0.4862,
        "Magic_Hound": 0.7893,
        "MuddyWater": 0.4592,
        "OilRig": 0.363,
        "Sandworm_Team": 0.4712,
        "Turla": 0.4369,
        "Wizard_Spider": 0.6493
      }
    }
  },
  "Exp3_L1_L2_L3": {
    "XGBoost": {
      "micro_f1": 0.7456821672282948,
      "micro_f1_std": 0.02004146241524499,
      "macro_f1": 0.7466836567268461,
      "macro_f1_std": 0.010192440244144143,
      "top3_acc": 0.8802208914416874,
      "top3_acc_std": 0.0030868917343258723,
      "top5_acc": 0.9209869372232881,
      "top5_acc_std": 0.005617437259516577,
      "per_class_f1": {
        "APT-C-23": 0.838,
        "APT-C-36": 0.9565,
        "APT28": 0.7277,
        "APT29": 0.8507,
        "APT32": 0.7299,
        "FIN7": 0.8703,
        "Gamaredon_Group": 0.7987,
        "Kimsuky": 0.767,
        "Lazarus_Group": 0.7143,
        "Magic_Hound": 0.8968,
        "MuddyWater": 0.7705,
        "OilRig": 0.2493,
        "Sandworm_Team": 0.6485,
        "Turla": 0.5658,
        "Wizard_Spider": 0.7651
      }
    },
    "RandomForest": {
      "micro_f1": 0.7235376103332076,
      "micro_f1_std": 0.015970133386510273,
      "macro_f1": 0.7221862590621901,
      "macro_f1_std": 0.008580668481250275,
      "top3_acc": 0.8689815309664317,
      "top3_acc_std": 0.005021312333400045,
      "top5_acc": 0.9146116608628633,
      "top5_acc_std": 0.0072047265941269445,
      "per_class_f1": {
        "APT-C-23": 0.7862,
        "APT-C-36": 0.9437,
        "APT28": 0.7157,
        "APT29": 0.8347,
        "APT32": 0.6966,
        "FIN7": 0.8345,
        "Gamaredon_Group": 0.7799,
        "Kimsuky": 0.7781,
        "Lazarus_Group": 0.6971,
        "Magic_Hound": 0.8506,
        "MuddyWater": 0.7672,
        "OilRig": 0.216,
        "Sandworm_Team": 0.6151,
        "Turla": 0.5172,
        "Wizard_Spider": 0.7503
      }
    },
    "MLP": {
      "micro_f1": 0.7121300426987404,
      "micro_f1_std": 0.010354379395213041,
      "macro_f1": 0.6780663878063808,
      "macro_f1_std": 0.015824728746967297,
      "top3_acc": 0.8550566222427246,
      "top3_acc_std": 0.008760531032791051,
      "top5_acc": 0.9132686757764814,
      "top5_acc_std": 0.005887397484771021,
      "per_class_f1": {
        "APT-C-23": 0.7885,
        "APT-C-36": 0.8696,
        "APT28": 0.5794,
        "APT29": 0.794,
        "APT32": 0.6125,
        "FIN7": 0.7876,
        "Gamaredon_Group": 0.7443,
        "Kimsuky": 0.6313,
        "Lazarus_Group": 0.6614,
        "Magic_Hound": 0.8381,
        "MuddyWater": 0.713,
        "OilRig": 0.4714,
        "Sandworm_Team": 0.5244,
        "Turla": 0.5,
        "Wizard_Spider": 0.667
      }
    }
  }
}