{
  "Exp1_L1": {
    "XGBoost": {
      "micro_f1": 0.6376477438300602,
      "micro_f1_std": 0.026864956122162584,
      "macro_f1": 0.6211091095831653,
      "macro_f1_std": 0.018048841475437633,
      "top3_acc": 0.8265398830988373,
      "top3_acc_std": 0.006988583836169592,
      "top5_acc": 0.8907919238060948,
      "top5_acc_std": 0.008844549456017004,
      "per_class_f1": {
        "APT-C-23": 0.6502,
        "APT-C-36": 0.9316,
        "APT28": 0.4966,
        "APT29": 0.729,
        "APT32": 0.6198,
        "FIN7": 0.7744,
        "Gamaredon_Group": 0.7621,
        "Kimsuky": 0.5586,
        "Lazarus_Group": 0.5297,
        "Magic_Hound": 0.7987,
        "MuddyWater": 0.5391,
        "OilRig": 0.1953,
        "Sandworm_Team": 0.4954,
        "Turla": 0.4691,
        "Wizard_Spider": 0.7251
      }
    },
    "RandomForest": {
      "micro_f1": 0.6339560467379626,
      "micro_f1_std": 0.02121762088220522,
      "macro_f1": 0.6127863209260382,
      "macro_f1_std": 0.012596528949290848,
      "top3_acc": 0.8275472977154206,
      "top3_acc_std": 0.005320131895932132,
      "top5_acc": 0.8899529976315982,
      "top5_acc_std": 0.008571696397292803,
      "per_class_f1": {
        "APT-C-23": 0.6549,
        "APT-C-36": 0.9351,
        "APT28": 0.4918,
        "APT29": 0.7144,
        "APT32": 0.615,
        "FIN7": 0.7537,
        "Gamaredon_Group": 0.7551,
        "Kimsuky": 0.5657,
        "Lazarus_Group": 0.5205,
        "Magic_Hound": 0.7824,
        "MuddyWater": 0.5625,
        "OilRig": 0.1829,
        "Sandworm_Team": 0.4653,
        "Turla": 0.4516,
        "Wizard_Spider": 0.7114
      }
    },
    "MLP": {
      "micro_f1": 0.5906732224328719,
      "micro_f1_std": 0.011737994198305004,
      "macro_f1": 0.5352038496229921,
      "macro_f1_std": 0.012200376260795799,
      "top3_acc": 0.7758774619283629,
      "top3_acc_std": 0.0058571064950447595,
      "top5_acc": 0.8607618827950517,
      "top5_acc_std": 0.009367861370179302,
      "per_class_f1": {
        "APT-C-23": 0.5442,
        "APT-C-36": 0.8261,
        "APT28": 0.3957,
        "APT29": 0.66,
        "APT32": 0.4636,
        "FIN7": 0.6522,
        "Gamaredon_Group": 0.624,
        "Kimsuky": 0.4235,
        "Lazarus_Group": 0.4515,
        "Magic_Hound": 0.715,
        "MuddyWater": 0.4147,
        "OilRig": 0.3371,
        "Sandworm_Team": 0.4012,
        "Turla": 0.469,
        "Wizard_Spider": 0.6485
      }
    }
  },
  "Exp2_L1_L2": {
    "XGBoost": {
      "micro_f1": 0.6955245081768932,
      "micro_f1_std": 0.02367832377204199,
      "macro_f1": 0.6831806075431784,
      "macro_f1_std": 0.015156430552066594,
      "top3_acc": 0.8572395179936656,
      "top3_acc_std": 0.005992377438824572,
      "top5_acc": 0.9122640739886474,
      "top5_acc_std": 0.007778231167879706,
      "per_class_f1": {
        "APT-C-23": 0.7468,
        "APT-C-36": 0.9483,
        "APT28": 0.5636,
        "APT29": 0.839,
        "APT32": 0.6515,
        "FIN7": 0.8154,
        "Gamaredon_Group": 0.7781,
        "Kimsuky": 0.7594,
        "Lazarus_Group": 0.6087,
        "Magic_Hound": 0.864,
        "MuddyWater": 0.6069,
        "OilRig": 0.2038,
        "Sandworm_Team": 0.5591,
        "Turla": 0.5185,
        "Wizard_Spider": 0.7442
      }
    },
    "RandomForest": {
      "micro_f1": 0.6849544603025478,
      "micro_f1_std": 0.020240591671877473,
      "macro_f1": 0.6678891756138655,
      "macro_f1_std": 0.011657884329233306,
      "top3_acc": 0.8528786489420952,
      "top3_acc_std": 0.006643777407517135,
      "top5_acc": 0.9082382128411257,
      "top5_acc_std": 0.010324538613560608,
      "per_class_f1": {
        "APT-C-23": 0.7414,
        "APT-C-36": 0.9224,
        "APT28": 0.5304,
        "APT29": 0.824,
        "APT32": 0.6027,
        "FIN7": 0.7995,
        "Gamaredon_Group": 0.76,
        "Kimsuky": 0.7582,
        "Lazarus_Group": 0.6022,
        "Magic_Hound": 0.8364,
        "MuddyWater": 0.6232,
        "OilRig": 0.1891,
        "Sandworm_Team": 0.5629,
        "Turla": 0.4973,
        "Wizard_Spider": 0.7296
      }
    },
    "MLP": {
      "micro_f1": 0.6487190377875415,
      "micro_f1_std": 0.008239731552311537,
      "macro_f1": 0.5924042200705053,
      "macro_f1_std": 0.014127920545612582,
      "top3_acc": 0.8282168915992056,
      "top3_acc_std": 0.0036454105245528412,
      "top5_acc": 0.8985073724241521,
      "top5_acc_std": 0.006088835841574062,
      "per_class_f1": {
        "APT-C-23": 0.64,
        "APT-C-36": 0.8559,
        "APT28": 0.4286,
        "APT29": 0.7827,
        "APT32": 0.5052,
        "FIN7": 0.6802,
        "Gamaredon_Group": 0.7117,
        "Kimsuky": 0.6177,
        "Lazarus_Group": 0.5026,
        "Magic_Hound": 0.7957,
        "MuddyWater": 0.4531,
        "OilRig": 0.3662,
        "Sandworm_Team": 0.4576,
        "Turla": 0.4467,
        "Wizard_Spider": 0.6515
      }
    }
  },
  "Exp3_L1_L2_L3": {
    "XGBoost": {
      "micro_f1": 0.6973687393464111,
      "micro_f1_std": 0.02313160585045261,
      "macro_f1": 0.6868900747516286,
      "macro_f1_std": 0.013772584711670751,
      "top3_acc": 0.8579102370089504,
      "top3_acc_std": 0.004865377390706115,
      "top5_acc": 0.9109219327508903,
      "top5_acc_std": 0.007847606161059308,
      "per_class_f1": {
        "APT-C-23": 0.7526,
        "APT-C-36": 0.9483,
        "APT28": 0.5874,
        "APT29": 0.8354,
        "APT32": 0.6639,
        "FIN7": 0.8173,
        "Gamaredon_Group": 0.7821,
        "Kimsuky": 0.7578,
        "Lazarus_Group": 0.6023,
        "Magic_Hound": 0.867,
        "MuddyWater": 0.6316,
        "OilRig": 0.2027,
        "Sandworm_Team": 0.5504,
        "Turla": 0.5149,
        "Wizard_Spider": 0.7444
      }
    },
    "RandomForest": {
      "micro_f1": 0.6831091040015302,
      "micro_f1_std": 0.017437507212099256,
      "macro_f1": 0.6689801069487727,
      "macro_f1_std": 0.009752217870539946,
      "top3_acc": 0.8565693615441304,
      "top3_acc_std": 0.006523559721115842,
      "top5_acc": 0.9095802134374456,
      "top5_acc_std": 0.008726470936252928,
      "per_class_f1": {
        "APT-C-23": 0.7517,
        "APT-C-36": 0.9397,
        "APT28": 0.5651,
        "APT29": 0.8157,
        "APT32": 0.6036,
        "FIN7": 0.794,
        "Gamaredon_Group": 0.7576,
        "Kimsuky": 0.7508,
        "Lazarus_Group": 0.5935,
        "Magic_Hound": 0.8328,
        "MuddyWater": 0.6229,
        "OilRig": 0.1907,
        "Sandworm_Team": 0.5656,
        "Turla": 0.4865,
        "Wizard_Spider": 0.7269
      }
    },
    "MLP": {
      "micro_f1": 0.6492236592651766,
      "micro_f1_std": 0.01477519300485548,
      "macro_f1": 0.5955392422691913,
      "macro_f1_std": 0.018010358042259814,
      "top3_acc": 0.8243592376108959,
      "top3_acc_std": 0.0036919669070869985,
      "top5_acc": 0.8963268675776481,
      "top5_acc_std": 0.0024898317370392656,
      "per_class_f1": {
        "APT-C-23": 0.6553,
        "APT-C-36": 0.8534,
        "APT28": 0.405,
        "APT29": 0.7946,
        "APT32": 0.4878,
        "FIN7": 0.7031,
        "Gamaredon_Group": 0.687,
        "Kimsuky": 0.6415,
        "Lazarus_Group": 0.5007,
        "Magic_Hound": 0.7787,
        "MuddyWater": 0.477,
        "OilRig": 0.3534,
        "Sandworm_Team": 0.4541,
        "Turla": 0.4811,
        "Wizard_Spider": 0.6607
      }
    }
  },
  "Exp4_L1_L2_L3_L4": {
    "XGBoost": {
      "micro_f1": 0.7216936604465646,
      "micro_f1_std": 0.012994266936928607,
      "macro_f1": 0.7156683052135484,
      "macro_f1_std": 0.013622466732930365,
      "top3_acc": 0.8723372356644182,
      "top3_acc_std": 0.003140900312231795,
      "top5_acc": 0.9184710025484228,
      "top5_acc_std": 0.005056164235662692,
      "per_class_f1": {
        "APT-C-23": 0.7564,
        "APT-C-36": 0.9304,
        "APT28": 0.6444,
        "APT29": 0.8399,
        "APT32": 0.6912,
        "FIN7": 0.8414,
        "Gamaredon_Group": 0.7941,
        "Kimsuky": 0.8309,
        "Lazarus_Group": 0.6667,