{
  "standard_cv": {
    "micro_f1": 0.7203512379259326,
    "macro_f1": 0.7130288307508464,
    "top3_acc": 0.8721697317123939,
    "top5_acc": 0.9198127218618677
  },
  "simulated_inference": {
    "micro_f1": 0.7196803782692103,
    "macro_f1": 0.7124210759386426,
    "top3_acc": 0.8718341612425953,
    "top5_acc": 0.9196449366269682
  },
  "delta_micro_f1": -0.0006708596567223113,
  "delta_macro_f1": -0.0006077548122038756,
  "verdict": "✅ 掉幅 < 8%，模型可信，無顯著 leakage"
}